wittenau, rathaus_reinickendorf
rathaus_reinickendorf, karl-bonhoeffer-nervenklinik
karl-bonhoeffer-nervenklinik, lindauer_allee
lindauer_allee, paracelsus-bad
paracelsus-bad, residenzstraße
residenzstraße, franz-neumann-platz
franz-neumann-platz, osloer_straße
osloer_straße, pankstraße
pankstraße, gesundbrunnen
gesundbrunnen, bernauer_straße
bernauer_straße, rosenthaler_platz
rosenthaler_platz, weinmeisterstraße
weinmeisterstraße, alexanderplatz
alexanderplatz, jannowitzbrueke
jannowitzbrueke, heinrich-heine_straße
heinrich-heine_straße, moritzplatz
moritzplatz, kottbusser_tor
kottbusser_tor, schoenleinstraße
schoenleinstraße, hermannplatz
hermannplatz, boddinstraße
boddinstraße, leinestraße
leinestraße, hermannstraße
jungfernheide, mierendorffplatz
mierendorffplatz, richard-wagner_platz
richard-wagner_platz, bismarckstraße
bismarckstraße, wilmersdorfer_straße
wilmersdorfer_straße, charlottenburg
charlottenburg, adenauerplatz
adenauerplatz, konstanzer_straße
konstanzer_straße, fehrbelliner_platz
fehrbelliner_platz, blissestraße
blissestraße, berliner_straße
berliner_straße, bayerischer_platz
bayerischer_platz, eisenacher_straße
eisenacher_straße, kleistpark
kleistpark, yorckstraße
yorckstraße, moeckernbruecke
moeckernbruecke, mehringdamm
mehringdamm, gneisenaustraße
gneisenaustraße, suedstern
suedstern, hermannplatz